Train Accuracy,Test Accuracy,F1 Score,Recall,Precision
1.0,0.9643835616438357,0.9629768599214075,0.9643835616438357,0.963004412737282
