Train Accuracy,Test Accuracy,F1 Score,Recall,Precision
1.0,0.952054794520548,0.9505084432468389,0.952054794520548,0.950555144079421
