{
    "rmse": 0.6789307239299509,
    "mae": 0.5447603887052727,
    "r2": 0.23841108991865312
}